Symbol,Series,Date,PrevClose,Open,High,Low,Last,Close,VWAP,TradedQty,Turnover,Trades,DeliverableQty,DeliveryPercent
ASHOKLEY,EQ,2026-01-01,179.19,179.19,185.56,178.81,185.0,184.88,183.84,26287021,4832562009.9,134074,8390684,31.92
ASHOKLEY,EQ,2026-01-02,184.88,185.0,190.0,183.77,187.9,188.78,188.11,25388934,4775930579.71,134787,9267420,36.5
ASHOKLEY,EQ,2026-01-05,188.78,189.0,191.8,186.05,187.75,187.76,188.94,17083159,3227620965.58,106269,6019255,35.24
ASHOKLEY,EQ,2026-01-06,187.76,187.85,189.17,184.92,186.19,186.15,186.76,9072320,1694351440.43,75913,4404768,48.55
ASHOKLEY,EQ,2026-01-07,186.15,186.2,186.83,184.56,186.14,186.12,185.52,9482575,1759245872.73,68853,5125026,54.05
ASHOKLEY,EQ,2026-01-08,186.12,186.0,186.3,184.01,184.01,184.52,184.8,9093468,1680442275.17,81821,4523706,49.75
ASHOKLEY,EQ,2026-01-09,184.52,184.1,190.76,183.9,188.1,187.76,188.71,25410790,4795307993.01,167407,10174511,40.04
ASHOKLEY,EQ,2026-01-12,187.76,189.63,189.65,183.34,187.1,187.01,186.08,13071854,2432364548.95,82462,6189549,47.35
ASHOKLEY,EQ,2026-01-13,187.01,187.05,187.9,184.05,185.69,185.7,186.04,6855429,1275393673.55,50017,2964422,43.24
ASHOKLEY,EQ,2026-01-14,185.7,185.21,187.69,184.15,187.0,186.89,186.15,7446179,1386136312.64,52618,3583239,48.12
ASHOKLEY,EQ,2026-01-16,186.89,185.93,186.66,183.75,184.02,184.25,184.9,26684199,4933834565.42,81889,16116995,60.4
ASHOKLEY,EQ,2026-01-19,184.25,183.1,188.5,182.34,188.4,187.98,186.5,10612728,1979280350.39,59960,5199235,48.99
ASHOKLEY,EQ,2026-01-20,187.98,188.93,189.75,179.5,180.12,180.79,184.06,15758631,2900493092.37,90506,7821289,49.63
ASHOKLEY,EQ,2026-01-21,180.79,179.92,183.2,176.83,181.02,181.24,180.09,20759934,3738753468.99,97758,10042379,48.37
ASHOKLEY,EQ,2026-01-22,181.24,185.3,191.44,184.53,191.34,190.28,188.15,20314511,3822200764.91,91553,7449440,36.67
ASHOKLEY,EQ,2026-01-23,190.28,192.0,199.21,190.0,193.07,192.98,195.61,32467563,6351075912.48,198228,9728692,29.96
ASHOKLEY,EQ,2026-01-27,192.98,192.26,194.15,188.0,193.25,193.0,190.65,23069013,4398173887.59,114881,11547133,50.05
ASHOKLEY,EQ,2026-01-28,193.0,193.9,196.69,189.46,195.95,195.33,192.79,20044566,3864452501.4,92523,7719741,38.51
ASHOKLEY,EQ,2026-01-29,195.33,196.4,196.4,191.92,193.95,194.06,193.56,10560396,2044065298.97,117096,4842241,45.85
ASHOKLEY,EQ,2026-01-30,194.06,192.9,198.0,191.92,197.5,196.69,195.8,14239171,2787959504.04,80845,7409882,52.04
ASHOKLEY,EQ,2026-02-01,196.69,196.68,198.4,187.5,189.1,189.06,193.77,6590542,1277052178.2,49118,1773063,26.9
ASHOKLEY,EQ,2026-02-02,189.06,189.77,195.0,185.52,194.95,194.4,189.8,14956648,2838797450.21,106045,6153316,41.14
ASHOKLEY,EQ,2026-02-03,194.4,203.0,203.0,196.02,200.0,199.87,198.92,16548292,3291743919.64,96110,8511013,51.43
ASHOKLEY,EQ,2026-02-04,199.87,201.74,205.19,199.05,201.15,200.92,202.19,22146705,4477791324.0,190673,11437512,51.64
ASHOKLEY,EQ,2026-02-05,200.92,201.25,202.86,200.0,201.93,201.5,201.4,14809572,2982656367.31,99390,8565012,57.83
ASHOKLEY,EQ,2026-02-06,201.5,201.5,203.0,199.26,201.33,201.84,200.8,9580410,1923761562.22,55990,5065361,52.87
ASHOKLEY,EQ,2026-02-09,201.84,202.8,206.38,200.79,205.5,205.8,204.53,9662823,1976359055.78,65423,5277560,54.62
ASHOKLEY,EQ,2026-02-10,205.8,206.7,211.0,204.92,210.54,209.73,207.47,12114047,2513280483.71,76408,5456552,45.04
ASHOKLEY,EQ,2026-02-11,209.73,210.5,215.42,202.56,205.84,206.35,209.23,53661132,11227528629.18,281120,13299833,24.78
ASHOKLEY,EQ,2026-02-12,206.35,206.4,212.35,204.63,210.99,211.02,209.7,36604082,7675693621.89,198710,12138085,33.16
ASHOKLEY,EQ,2026-02-13,211.02,210.12,212.87,203.8,204.7,204.63,206.74,26832686,5547264174.21,429599,13516837,50.37
ASHOKLEY,EQ,2026-02-16,204.63,204.95,206.89,203.0,205.5,205.86,205.04,11066053,2268978557.84,93550,5094835,46.04
ASHOKLEY,EQ,2026-02-17,205.86,205.86,208.25,203.86,207.1,207.68,206.22,7435573,1533364669.62,63947,3178440,42.75
ASHOKLEY,EQ,2026-02-18,207.68,208.5,209.65,207.1,208.4,208.34,208.42,7339062,1529639099.19,44776,2770176,37.75
ASHOKLEY,EQ,2026-02-19,208.34,208.3,208.61,202.28,202.84,203.49,205.81,9638504,1983700179.08,95061,3874755,40.2
ASHOKLEY,EQ,2026-02-20,203.49,202.56,209.36,201.81,208.3,208.85,207.62,14624480,3036291876.65,137694,6507492,44.5
ASHOKLEY,EQ,2026-02-23,208.85,209.76,211.75,208.96,210.3,210.76,210.57,8533992,1796988760.74,70255,3257821,38.17
ASHOKLEY,EQ,2026-02-24,210.76,209.0,211.02,208.62,210.6,210.18,210.04,12888307,2707003215.33,123082,7629889,59.2
ASHOKLEY,EQ,2026-02-25,210.18,210.46,213.7,209.63,211.45,211.61,211.35,13401777,2832461589.45,88978,7156635,53.4
ASHOKLEY,EQ,2026-02-26,211.61,211.65,212.89,210.32,211.86,211.92,211.64,7744469,1639035786.35,66229,4366361,56.38
ASHOKLEY,EQ,2026-02-27,211.92,211.92,214.1,210.42,211.8,211.1,211.73,13962660,2956245200.35,81408,7407669,53.05
ASHOKLEY,EQ,2026-03-02,211.1,200.05,212.9,200.05,209.2,209.01,209.49,17727577,3713713395.88,183143,6271789,35.38
ASHOKLEY,EQ,2026-03-04,209.01,206.8,207.18,197.14,199.0,200.46,200.98,28728295,5773715480.49,146090,13787735,47.99
ASHOKLEY,EQ,2026-03-05,200.46,201.04,203.99,196.94,203.04,203.04,201.32,17821008,3587727496.24,116050,8232571,46.2
ASHOKLEY,EQ,2026-03-06,203.04,202.49,202.49,194.12,194.84,194.67,197.37,23585465,4655092751.63,123475,14518573,61.56
ASHOKLEY,EQ,2026-03-09,194.67,190.45,190.45,182.66,186.74,186.94,185.66,22595249,4195014418.69,224091,11116669,49.2
ASHOKLEY,EQ,2026-03-10,186.94,191.5,195.17,191.0,194.0,193.56,192.92,17754507,3425195230.72,108367,7584921,42.72
ASHOKLEY,EQ,2026-03-11,193.56,194.39,195.38,183.88,185.0,184.66,187.75,28300159,5313292308.92,275503,17526088,61.93
ASHOKLEY,EQ,2026-03-12,184.66,184.66,184.97,177.01,178.0,178.47,178.91,44243228,7915757337.89,262133,25445583,57.51
ASHOKLEY,EQ,2026-03-13,178.47,176.6,176.6,169.41,170.99,170.65,171.35,27176714,4656675637.76,173958,14593907,53.7
ASHOKLEY,EQ,2026-03-16,170.65,169.3,174.9,168.7,171.97,172.77,172.04,21338066,3670978498.51,132913,9032408,42.33
ASHOKLEY,EQ,2026-03-17,172.77,174.0,176.6,171.7,176.2,176.11,175.13,20890037,3658549690.39,118395,10449648,50.02
ASHOKLEY,EQ,2026-03-18,176.11,176.65,180.01,175.51,178.45,178.62,178.65,12316122,2200299315.9,86376,5667331,46.02
ASHOKLEY,EQ,2026-03-19,178.62,175.95,175.95,167.89,169.78,168.57,170.47,19935868,3398547942.05,131566,8904936,44.67
ASHOKLEY,EQ,2026-03-20,168.57,171.08,172.67,166.33,169.4,168.89,168.76,38794799,6546865586.36,175432,23315250,60.1
ASHOKLEY,EQ,2026-03-23,168.89,167.06,167.06,160.91,161.95,161.98,162.84,23531787,3831903084.51,203042,13208677,56.13
ASHOKLEY,EQ,2026-03-24,161.98,166.3,168.01,162.3,167.5,167.13,165.65,16357599,2709557766.38,112327,6394226,39.09
ASHOKLEY,EQ,2026-03-25,167.13,169.87,172.92,169.79,171.2,170.95,171.5,13077297,2242750846.81,90882,5967632,45.63
ASHOKLEY,EQ,2026-03-27,170.95,170.0,170.0,162.85,163.16,163.09,164.04,21631702,3548406346.16,324535,11269736,52.1
ASHOKLEY,EQ,2026-03-30,163.09,159.3,160.83,153.56,154.46,154.13,156.2,51508097,8045573706.95,332992,31258175,60.69
ASHOKLEY,EQ,2026-04-01,154.13,154.15,162.86,148.0,148.6,149.11,155.04,89347607,13852557669.21,392127,46948378,52.55
ASHOKLEY,EQ,2026-04-02,149.11,147.4,149.14,143.13,148.4,148.44,145.91,33940797,4952353982.94,200641,15338281,45.19
ASHOKLEY,EQ,2026-04-06,148.44,149.0,151.52,145.15,150.7,150.91,149.14,23012980,3432204778.17,161785,10283855,44.69
ASHOKLEY,EQ,2026-04-07,150.91,150.0,153.45,146.14,152.46,152.93,150.59,20832098,3137115135.33,114262,8319781,39.94
ASHOKLEY,EQ,2026-04-08,152.93,165.1,173.16,162.94,172.3,172.48,169.96,102302775,17387794061.56,339355,36170042,35.36
ASHOKLEY,EQ,2026-04-09,172.48,172.8,174.75,169.01,170.5,170.38,171.18,34385107,5885957450.49,160690,13270599,38.59
ASHOKLEY,EQ,2026-04-10,170.38,172.9,178.38,172.13,177.99,178.02,176.43,39293953,6932820233.09,241412,18154704,46.2
ASHOKLEY,EQ,2026-04-13,178.02,172.0,174.0,170.4,172.2,172.06,172.46,21624635,3729336656.09,110776,7731442,35.75
ASHOKLEY,EQ,2026-04-15,172.06,176.96,179.09,175.0,175.59,175.48,177.15,21564266,3820180404.85,101453,8200517,38.03
ASHOKLEY,EQ,2026-04-16,175.48,177.8,177.89,174.75,176.72,176.73,176.42,15255848,2691367546.9,87301,6676744,43.77
ASHOKLEY,EQ,2026-04-17,176.73,177.47,177.47,173.17,174.7,174.78,174.6,21780071,3802749728.06,108833,10433169,47.9
ASHOKLEY,EQ,2026-04-20,174.78,175.32,177.44,172.79,175.38,175.96,175.59,11967504,2101413849.2,82795,4824768,40.32
ASHOKLEY,EQ,2026-04-21,175.96,176.0,178.88,175.98,176.6,176.61,177.48,11828616,2099322567.21,78040,5736489,48.5
ASHOKLEY,EQ,2026-04-22,176.61,176.5,181.39,175.6,178.76,178.97,179.13,19948964,3573419584.91,137161,9074327,45.49
ASHOKLEY,EQ,2026-04-23,178.97,177.0,177.79,169.25,170.62,170.63,172.06,33563795,5774959495.59,231453,15323186,45.65
ASHOKLEY,EQ,2026-04-24,170.63,170.69,172.2,168.37,170.15,169.9,169.67,13081619,2219580006.58,101409,4228072,32.32
ASHOKLEY,EQ,2026-04-27,169.9,170.68,171.49,167.75,169.61,169.3,169.55,15010298,2544944645.09,94680,6533043,43.52
ASHOKLEY,EQ,2026-04-28,169.3,169.26,172.01,167.01,167.74,167.52,168.79,17796360,3003927760.56,100985,9359037,52.59
ASHOKLEY,EQ,2026-04-29,167.52,168.35,169.26,165.11,165.8,165.73,166.86,16722649,2790385516.97,104432,7612566,45.52
ASHOKLEY,EQ,2026-04-30,165.73,164.72,164.72,160.26,162.55,162.09,162.01,22015141,3566580341.53,131024,11320194,51.42
ASHOKLEY,EQ,2026-05-04,162.09,162.29,164.05,159.1,160.74,160.77,161.2,19498224,3143045695.81,116602,7423633,38.07
ASHOKLEY,EQ,2026-05-05,160.77,160.0,161.66,158.59,161.0,160.25,160.25,12578926,2015798738.15,72321,5522990,43.91
ASHOKLEY,EQ,2026-05-06,160.25,163.5,169.11,160.5,168.45,167.8,165.06,22189983,3662758022.21,106355,10192608,45.93
ASHOKLEY,EQ,2026-05-07,167.8,168.99,172.8,166.41,170.1,170.78,170.03,28275087,4807624095.48,222457,12114272,42.84
ASHOKLEY,EQ,2026-05-08,170.78,170.0,170.0,167.27,168.77,168.57,168.34,15023366,2529075547.88,122025,7097580,47.24
ASHOKLEY,EQ,2026-05-11,168.57,166.38,166.38,161.0,161.81,161.52,162.82,15637259,2546032723.29,119302,6429811,41.12
ASHOKLEY,EQ,2026-05-12,161.52,160.8,161.47,155.1,156.85,155.95,157.54,15383319,2423435918.92,150698,7132543,46.37
ASHOKLEY,EQ,2026-05-13,155.95,155.95,157.36,152.76,153.3,153.21,154.42,25946243,4006646855.92,131424,13426202,51.75
ASHOKLEY,EQ,2026-05-14,153.21,154.09,155.38,149.89,154.7,154.34,152.78,43395207,6629955738.1,233278,25216087,58.11
ASHOKLEY,EQ,2026-05-15,154.34,154.6,157.35,152.12,153.64,153.13,154.43,23889114,3689265085.08,125611,10467412,43.82
ASHOKLEY,EQ,2026-05-18,153.13,152.0,152.0,148.76,151.19,151.14,150.43,18556084,2791302027.11,123406,8746135,47.13
ASHOKLEY,EQ,2026-05-19,151.14,150.61,153.16,149.02,151.2,151.38,151.38,22007430,3331564225.29,86732,11945675,54.28
ASHOKLEY,EQ,2026-05-20,151.38,150.0,154.5,148.8,154.0,153.61,151.75,24202471,3672692869.48,92968,13571653,56.08
ASHOKLEY,EQ,2026-05-21,153.61,156.0,158.48,153.75,154.4,154.48,155.21,23665678,3673117358.22,90866,10224910,43.21
ASHOKLEY,EQ,2026-05-22,154.48,155.0,158.74,154.05,158.0,158.21,156.54,18694921,2926476046.35,98545,8705389,46.57
ASHOKLEY,EQ,2026-05-25,158.21,160.1,165.8,160.1,164.27,164.08,163.58,30680951,5018775002.69,161872,12391710,40.39
ASHOKLEY,EQ,2026-05-26,164.08,164.28,164.3,159.73,160.8,160.54,161.17,24236258,3906246748.62,95702,13749058,56.73
ASHOKLEY,EQ,2026-05-27,160.54,160.84,164.1,159.45,164.0,163.62,162.0,21717793,3518317883.36,78489,10685267,49.2
ASHOKLEY,EQ,2026-05-29,163.62,165.66,165.7,154.86,156.65,155.44,158.01,87249539,13786676350.98,291420,43454128,49.8
ASHOKLEY,EQ,2026-06-01,155.44,157.03,157.6,149.42,149.8,149.78,152.64,34095725,5204276853.44,251578,15802921,46.35
ASHOKLEY,EQ,2026-06-02,149.78,145.5,150.14,145.5,149.15,149.05,148.21,43162735,6397312863.25,204434,23650642,54.79
ASHOKLEY,EQ,2026-06-03,149.05,147.19,147.8,142.2,147.2,145.84,144.54,50124149,7245118548.16,241430,25069584,50.01
ASHOKLEY,EQ,2026-06-04,145.84,145.84,147.22,144.1,144.97,144.44,145.46,23281041,3386474239.43,97999,11781611,50.61
ASHOKLEY,EQ,2026-06-05,144.44,146.0,146.53,143.8,145.41,145.29,145.17,22386114,3249888159.08,93496,9266706,41.39
ASHOKLEY,EQ,2026-06-08,145.29,140.7,142.43,140.31,141.01,141.02,141.35,28542451,4034473650.97,124561,15621809,54.73
ASHOKLEY,EQ,2026-06-09,141.02,141.75,144.38,141.02,144.2,143.8,143.17,24754008,3543910209.06,83764,13875807,56.05
ASHOKLEY,EQ,2026-06-10,143.8,145.1,145.3,141.0,141.49,141.54,143.44,15750037,2259154553.44,107030,7325965,46.51
ASHOKLEY,EQ,2026-06-11,141.54,140.9,140.9,138.03,139.01,138.58,138.98,20433240,2839853506.76,99594,10157701,49.71
ASHOKLEY,EQ,2026-06-12,138.58,143.22,153.45,142.7,152.2,152.45,148.43,69272916,10281878781.49,208968,21872788,31.57
ASHOKLEY,EQ,2026-06-15,152.45,159.0,160.8,157.25,157.5,157.7,159.41,55366732,8825990786.4,284983,25175297,45.47
ASHOKLEY,EQ,2026-06-16,157.7,160.0,160.89,157.26,158.5,158.5,159.16,30648520,4878079644.05,108273,13560636,44.25
ASHOKLEY,EQ,2026-06-17,158.5,159.9,160.25,158.07,159.55,159.57,159.43,24024482,3830257585.93,69926,15215264,63.33
ASHOKLEY,EQ,2026-06-18,159.57,159.31,159.5,157.3,158.12,158.45,158.15,11460094,1812381715.85,59783,5328897,46.5
ASHOKLEY,EQ,2026-06-19,158.45,157.89,158.18,155.53,156.75,156.66,156.78,15870225,2488186243.16,68616,8188299,51.6
ASHOKLEY,EQ,2026-06-22,156.66,156.94,158.3,155.55,157.54,157.19,156.9,19817368,3109350338.03,86915,10022436,50.57
ASHOKLEY,EQ,2026-06-23,157.19,157.1,157.19,150.3,151.0,151.46,152.91,20941481,3202262437.47,132089,10386841,49.6
ASHOKLEY,EQ,2026-06-24,151.46,151.46,155.63,150.8,155.15,154.91,154.14,18034532,2779904926.16,101019,7369112,40.86
ASHOKLEY,EQ,2026-06-25,154.91,156.6,162.2,156.51,161.12,160.68,160.0,60935591,9749964865.79,206479,25144160,41.26
ASHOKLEY,EQ,2026-06-29,160.68,160.0,160.64,156.6,157.75,157.36,157.86,62382187,9847342124.98,206559,44752630,71.74
ASHOKLEY,EQ,2026-06-30,157.36,159.06,159.87,155.76,157.8,157.7,157.95,21647894,3419371444.4,102882,10311802,47.63
ASHOKLEY,EQ,2026-07-01,157.7,157.89,165.75,157.89,162.05,162.32,162.25,41112595,6670476427.55,198930,14079194,34.25
ASHOKLEY,EQ,2026-07-02,162.32,164.0,165.56,162.62,164.39,164.73,164.31,27360903,4495736822.12,130191,13948498,50.98
ASHOKLEY,EQ,2026-07-03,164.73,166.0,167.55,163.71,164.14,164.35,165.87,20821054,3453598310.68,136582,9637151,46.29
ASHOKLEY,EQ,2026-07-06,164.35,164.6,167.35,162.65,166.15,166.12,165.94,13906092,2307642661.93,81038,5730745,41.21
ASHOKLEY,EQ,2026-07-07,166.12,166.69,167.0,163.59,163.88,164.16,164.74,9030277,1487684773.06,55770,4053252,44.89
ASHOKLEY,EQ,2026-07-08,164.16,161.84,163.85,155.01,157.0,156.22,159.27,25876039,4121327812.73,141460,11841467,45.76
ASHOKLEY,EQ,2026-07-09,156.22,157.1,158.85,155.01,155.25,155.19,156.35,17319661,2707880677.36,116388,8017925,46.29
ASHOKLEY,EQ,2026-07-10,155.19,157.71,157.9,155.7,157.51,157.49,156.92,17409676,2732000116.49,108717,9668162,55.53
ASHOKLEY,EQ,2026-07-13,157.49,154.3,160.37,153.3,159.0,159.22,157.51,17695602,2787288417.27,124378,7280587,41.14
ASHOKLEY,EQ,2026-07-14,159.22,156.5,156.9,153.85,155.11,155.19,154.94,24653297,3819816690.67,112868,11476395,46.55
ASHOKLEY,EQ,2026-07-15,155.19,155.99,157.87,155.75,156.4,156.52,156.87,11779297,1847798928.61,54572,5322858,45.19
ASHOKLEY,EQ,2026-07-16,156.52,156.69,158.58,154.42,154.89,154.87,156.24,14437695,2255751922.71,85876,7553033,52.31
ASHOKLEY,EQ,2026-07-17,154.87,155.0,156.08,154.3,155.4,155.23,155.18,10055243,1560326442.89,48599,4369858,43.46
ASHOKLEY,EQ,2026-07-20,155.23,154.46,155.5,152.83,154.92,154.8,154.19,9115147,1405446741.81,54606,3825032,41.96
ASHOKLEY,EQ,2026-07-21,154.8,154.04,155.68,152.17,153.83,153.94,153.67,12234779,1880074790.64,61717,5536226,45.25
ASHOKLEY,EQ,2026-07-22,153.94,153.94,154.75,151.78,152.28,152.49,152.61,8774983,1339177641.38,46412,3604039,41.07
ASHOKLEY,EQ,2026-07-23,152.49,152.0,153.56,150.32,150.9,150.65,151.71,9283302,1408360702.6,65132,3966838,42.73
ASHOKLEY,EQ,2026-07-24,150.65,150.0,151.38,147.59,151.2,151.07,149.22,12276303,1831855614.87,68794,5145302,41.91
ASHOKLEY,EQ,2026-07-27,151.07,153.51,155.26,152.84,155.1,155.06,154.24,9544585,1472118690.08,43491,5087018,53.3
ASHOKLEY,EQ,2026-07-28,155.06,155.4,158.75,154.04,158.5,157.5,156.88,14300744,2243490892.14,83165,6840361,47.83
ASHOKLEY,EQ,2026-07-29,157.5,157.97,159.49,156.61,157.9,157.96,158.41,13880649,2198800344.66,75763,4941866,35.6
ASHOKLEY,EQ,2026-07-30,157.96,157.96,159.5,155.55,158.8,158.09,157.13,14946734,2348639630.49,75169,7760253,51.92
ASHOKLEY,EQ,2026-07-31,158.09,159.9,166.7,159.17,165.69,166.18,165.07,47542706,7847752831.54,183208,20431427,42.97
ASHOKLEY,EQ,2026-08-03,166.18,169.28,175.0,169.13,174.55,174.55,173.1,47817945,8277104966.59,211720,21638136,45.25
ASHOKLEY,EQ,2026-08-04,174.55,175.0,175.16,172.08,172.08,172.08,173.59,15240052,2645501583.47,103532,6447229,42.3
ASHOKLEY,EQ,2026-08-05,172.08,174.0,178.15,173.0,177.0,177.0,176.58,29599387,5226588372.02,123736,15000253,50.68
ASHOKLEY,EQ,2026-08-06,177.0,176.99,177.85,175.29,177.5,177.5,177.01,15063477,2666343196.43,63818,8543379,56.72
ASHOKLEY,EQ,2026-08-07,177.5,177.0,177.99,175.5,177.5,177.5,176.73,11282040,1993850129.01,62072,4768073,42.26
ASHOKLEY,EQ,2026-08-10,177.5,177.5,179.0,173.8,174.0,174.0,176.66,14528731,2566711280.51,67974,7914066,54.47
ASHOKLEY,EQ,2026-08-11,174.0,173.61,176.33,172.0,174.83,174.83,174.98,16455927,2879519617.76,89096,8113956,49.31
ASHOKLEY,EQ,2026-08-12,174.83,174.83,177.38,174.43,176.7,176.7,175.36,10612472,1861013381.92,72264,5456772,51.42
ASHOKLEY,EQ,2026-08-13,176.7,177.4,182.7,176.23,176.23,176.23,179.93,28284903,5089382005.58,146012,9092206,32.15
ASHOKLEY,EQ,2026-08-14,176.23,177.11,179.5,169.75,171.64,171.64,174.81,39171573,6847657673.88,184443,11050873,28.21
ASHOKLEY,EQ,2026-08-17,171.64,171.99,179.1,171.98,177.1,177.1,176.16,38086255,6709213837.73,146330,17223309,45.22
ASHOKLEY,EQ,2026-08-18,177.1,177.0,177.59,174.5,176.35,176.35,176.27,14208948,2504652375.12,56877,6771479,47.66
ASHOKLEY,EQ,2026-08-19,176.35,175.0,176.1,173.1,173.1,173.1,174.33,10072866,1756039243.32,82044,4474330,44.42
ASHOKLEY,EQ,2026-08-20,173.1,174.7,175.57,172.61,173.8,173.8,174.15,5408765,941947356.46,32440,2248077,41.56
ASHOKLEY,EQ,2026-08-21,173.8,173.16,173.69,172.3,173.0,173.0,173.03,5801819,1003880818.13,43244,2756395,47.51
ASHOKLEY,EQ,2026-08-24,173.0,173.0,173.66,171.65,173.29,173.29,172.46,8972453,1547346539.54,38043,4914046,54.77
ASHOKLEY,EQ,2026-08-25,173.29,172.36,174.69,171.58,174.69,174.69,173.06,8635802,1494470462.59,39641,5214632,60.38
ASHOKLEY,EQ,2026-08-26,174.69,175.57,179.5,175.41,179.05,179.05,177.78,17868582,3176638812.7,68790,7398371,41.4
ASHOKLEY,EQ,2026-08-27,179.05,180.6,181.84,176.79,177.4,177.4,177.99,14150948,2518748847.2,68341,6467491,45.7
ASHOKLEY,EQ,2026-08-28,177.4,178.0,178.18,174.81,175.77,175.77,175.85,11814260,2077528384.38,39809,5621558,47.58
ASHOKLEY,EQ,2026-08-31,175.77,175.0,176.6,173.82,175.64,175.64,175.52,14333497,2515835671.59,51846,9523603,66.44
ASHOKLEY,EQ,2026-09-01,175.64,176.5,176.5,168.53,170.53,170.53,171.72,16860146,2895197135.93,86825,6882870,40.82
ASHOKLEY,EQ,2026-09-02,170.53,169.11,169.29,165.02,167.9,167.9,166.54,16412854,2733440927.72,123369,8026290,48.9
ASHOKLEY,EQ,2026-09-03,167.9,168.5,169.35,166.05,169.35,169.35,167.79,9119654,1530160001.51,47886,4453371,48.83
ASHOKLEY,EQ,2026-09-04,169.35,168.98,173.29,168.18,169.0,169.0,170.58,13509881,2304474435.93,59938,7214313,53.4
ASHOKLEY,EQ,2026-09-07,169.0,170.0,172.13,168.4,170.0,170.0,169.97,10426646,1772213458.61,70369,4232978,40.6
ASHOKLEY,EQ,2026-09-08,170.0,170.0,170.17,167.75,169.0,169.0,169.15,7997004,1352712391.12,76705,3786637,47.35
ASHOKLEY,EQ,2026-09-09,169.0,167.12,169.27,166.22,167.0,167.0,167.55,7197614,1205937538.53,68010,2987359,41.5
ASHOKLEY,EQ,2026-09-10,167.0,166.5,167.04,164.71,166.12,166.12,165.89,16214508,2689752615.88,76403,8036229,49.56
ASHOKLEY,EQ,2026-09-11,166.12,163.8,165.04,160.0,163.75,163.75,162.51,19044403,3094822610.71,109344,8631278,48.72
ASHOKLEY,EQ,2026-09-15,163.75,164.5,165.36,156.65,156.65,156.65,159.58,17917014,2859116549.56,105198,8878502,49.55
ASHOKLEY,EQ,2026-09-16,156.65,157.4,158.21,154.75,156.5,156.5,156.64,10320454,1616547321.72,54686,4677220,45.32
ASHOKLEY,EQ,2026-09-17,156.5,156.89,159.64,156.08,158.62,158.62,158.63,8725516,1384147309.18,68529,3411438,39.1
ASHOKLEY,EQ,2026-09-18,158.62,159.1,163.12,158.51,163.0,163.0,162.06,17546400,2843599602.19,56501,12077095,68.83
ASHOKLEY,EQ,2026-09-21,163.0,163.0,163.19,160.87,161.75,161.75,161.72,7883370,1274914175.45,40972,3990954,50.62
ASHOKLEY,EQ,2026-09-22,161.75,163.0,164.2,159.8,160.75,160.75,161.41,8959874,1446224658.54,52587,4408407,49.2
ASHOKLEY,EQ,2026-09-23,160.75,160.99,163.13,160.85,162.89,162.89,162.41,4011012,651441966.07,34940,1902188,47.42
ASHOKLEY,EQ,2026-09-24,162.89,160.0,160.6,157.0,157.3,157.3,158.93,8138134,1293424632.81,102700,3893684,47.84
ASHOKLEY,EQ,2026-09-25,157.3,157.52,159.52,156.1,159.08,159.08,158.32,10274172,1626595815.03,75366,5964873,58.06
ASHOKLEY,EQ,2026-09-28,159.08,158.51,158.88,154.7,155.22,155.22,156.02,12214126,1905662057.65,105815,7040282,57.64
ASHOKLEY,EQ,2026-09-29,155.22,155.5,155.5,152.48,153.44,153.44,154.11,14351744,2211765969.24,142272,7500104,52.26
ASHOKLEY,EQ,2026-09-30,153.44,154.41,156.19,153.35,154.19,154.19,154.87,17703276,2741624587.49,124940,9633312,54.42
